{
    "0": {
        "precision": 0.6772486772486772,
        "recall": 0.9481481481481482,
        "f1-score": 0.7901234567901234,
        "support": 135.0
    },
    "1": {
        "precision": 0.36363636363636365,
        "recall": 0.06153846153846154,
        "f1-score": 0.10526315789473684,
        "support": 65.0
    },
    "accuracy": 0.66,
    "macro avg": {
        "precision": 0.5204425204425205,
        "recall": 0.5048433048433049,
        "f1-score": 0.4476933073424301,
        "support": 200.0
    },
    "weighted avg": {
        "precision": 0.5753246753246752,
        "recall": 0.66,
        "f1-score": 0.5675438596491227,
        "support": 200.0
    }
}